Argument ID,Conclusion,Stance,Premise,Self-direction: thought,Self-direction: action,Stimulation,Hedonism,Achievement,Power: dominance,Power: resources,Face,Security: personal,Security: societal,Tradition,Conformity: rules,Conformity: interpersonal,Humility,Benevolence: caring,Benevolence: dependability,Universalism: concern,Universalism: nature,Universalism: tolerance,Universalism: objectivity,Question,entropy,max_prob,max_completion,num_premises
A01008,We should ban factory farming,against,"factory farming allows for the production of cheap food, which is a necessity for families surviving on a low income.",0,0,0,0,0,0,0,0,1,0,0,0,0,0,1,0,1,0,0,0,Should we ban factory farming,0.404,0.0369719894830846,"factory farming allows for the production of cheap food, which is a necessity for families surviving on a low income.",70.0
A04020,We should fight for the abolition of nuclear weapons,in favor of,Nuclear weapons should be abolished because they have to potential to cause so much destruction.,0,0,0,0,0,0,0,0,0,1,0,0,0,0,0,0,1,0,0,0,Should we fight for the abolition of nuclear weapons,0.406,0.2499509043054665,Nuclear weapons should be abolished because they have to potential to cause so much destruction.,72.0
A05067,We should ban cosmetic surgery for minors,in favor of,cosmetic surgery for minors should be banned because they are not finished growing no do they have a mature enough background to make a sound decision towards this procedure.,0,0,0,0,0,0,0,0,1,0,0,0,0,0,0,0,0,0,0,1,Should we ban cosmetic surgery for minors,0.551,0.053398838730395,cosmetic surgery for minors should be banned because they are not finished growing no do they have a mature enough background to make a sound decision towards this procedure.,72.0
A05073,We should ban whaling,in favor of,whaling is inhumane and unnecessary and killing the whale population.,0,0,0,0,0,0,0,0,0,0,0,0,0,0,0,0,0,1,0,0,Should we ban whaling,0.405,0.0339335773673198,whaling is inhumane and unnecessary and killing the whale population.,71.0
A07001,We should cancel pride parades,against,pride parades allow people to make connections and widen their social circles.,0,0,0,0,0,1,0,1,1,0,0,0,0,0,0,0,1,0,1,1,Should we cancel pride parades,0.413,0.0515015327400339,pride parades allow people to make connections and widen their social circles.,75.0
A09066,Intelligence tests bring more harm than good,against,iq tests are great for determining how smart a person is.   this not only helps with getting into colleges and jobs but a person with a low iq can show that they are a prime candidate for public assistance.,0,0,0,0,1,0,0,0,1,0,0,0,0,0,0,0,0,0,0,0,Do intelligence tests bring more harm than good?,0.406,0.082654455655577,iq tests are great for determining how smart a person is.   this not only helps with getting into colleges and jobs but a person with a low iq can show that they are a prime candidate for public assistance.,76.0
A09073,We should abolish zoos,against,Zoos are a great and cheap way for children to learn about animals from all over the world.,0,0,1,0,1,0,0,0,0,0,0,0,0,0,0,0,0,1,0,0,Should we abolish zoos,0.409,0.0319011345613205,Zoos are a great and cheap way for children to learn about animals from all over the world.,75.0
A10005,We should ban fast food,in favor of,"fast foods are extremely high in calories, and it's easy for a person to exceed the recommended number of calories when they eat fast foods",0,0,0,0,0,0,0,0,1,0,0,0,0,0,0,0,0,0,0,0,Should we ban fast food,0.532,0.0524052574826247,"fast foods are extremely high in calories, and it's easy for a person to exceed the recommended number of calories when they eat fast foods",68.0
A12055,Entrapment should be legalized,against,using entrapment to catch people in the act of committing a crime shouldn't be legal because it forces people into a situation.,0,1,0,0,0,0,0,0,0,1,0,1,0,1,1,0,1,0,0,0,Should entrapment be legalized,0.425,0.0544169289462004,using entrapment to catch people in the act of committing a crime shouldn't be legal because it forces people into a situation.,69.0
A12100,We should abandon the use of school uniform,against,pupils having to dress in school uniform means no one is singled out for not being able to afford expensive clothes.,0,0,0,0,0,0,0,0,1,0,0,1,0,0,0,0,1,0,0,0,Should we abandon the use of school uniform,0.399,0.9886397685621744,pupils having to dress in school uniform means no one is singled out for not being able to afford expensive clothes.,76.0
A12119,We should legalize organ trade,against,"Selling organs is dangerous, leading to many deaths on the operating table.",0,0,0,0,0,0,0,0,1,0,0,0,0,0,0,0,0,0,0,0,Should we legalize organ trade,0.621,0.4997138209480362,"Selling organs is dangerous, leading to many deaths on the operating table.",68.0
A12158,Social media brings more harm than good,in favor of,people are meaner to each other online because they can't see each other.,0,0,0,0,0,0,0,0,0,0,0,1,1,0,1,0,0,0,0,0,Does social media bring more harm than good,0.582,0.0670823191867999,people are meaner to each other online because they can't see each other.,72.0
A12194,We should ban human cloning,against,"cloning humans can allow us to advance science and medicine in ways which could save millions of lives by producing organs, stem cells, etc., for those in need.",0,0,0,0,1,0,0,0,1,0,0,0,0,0,0,0,1,0,1,0,Should we ban human cloning,0.406,0.320759226529947,"cloning humans can allow us to advance science and medicine in ways which could save millions of lives by producing organs, stem cells, etc., for those in need.",74.0
A12255,We should prohibit women in combat,against,"women can make a military contribution by serving in the military, allowing them the dignity of defending a country they love.",0,0,0,0,0,0,0,1,0,0,0,0,0,0,1,1,0,0,0,0,Should we prohibit women in combat,0.452,0.0402009034772543,"women can make a military contribution by serving in the military, allowing them the dignity of defending a country they love.",66.0
A18002,We should legalize polygamy,against,"Marriage in general is an oppressive and patriarchal structure. Any action that reaffirms or expands marriage is bad, so polygamy shouldn't be legalized.",0,0,0,0,0,0,0,0,0,0,0,1,0,0,1,1,1,0,0,0,Should we legalize polygamy,0.426,0.9637921878382842,"Marriage in general is an oppressive and patriarchal structure. Any action that reaffirms or expands marriage is bad, so polygamy shouldn't be legalized.",65.0
A18097,The use of public defenders should be mandatory,in favor of,Separate public and private defender systems contribute to social instability by being a very obvious example of the state providing preferential treatment to the rich.,0,0,0,0,0,0,0,0,0,1,0,0,0,0,0,0,1,0,0,0,Should the use of public defenders be mandatory,0.542,0.4990945426074818,Separate public and private defender systems contribute to social instability by being a very obvious example of the state providing preferential treatment to the rich.,71.0
A18099,We should abolish intellectual property rights,in favor of,"maintaining intellectual property rights for all is too expensive, and maintaining these rights might restrict innovation in certain sectors.",1,0,1,0,1,0,1,0,1,0,0,0,0,0,0,0,0,0,0,0,Should we abolish intellectual property rights,0.425,0.2325693035179877,"maintaining intellectual property rights for all is too expensive, and maintaining these rights might restrict innovation in certain sectors.",76.0
A18101,We should abolish the Olympic Games,against,athletes train their whole lives in hopes that they can represent their country to be the best.,0,1,1,1,1,0,0,1,0,0,1,0,0,0,0,0,1,0,0,0,Should we abolish the Olympic Games,0.445,0.8139042513777199,athletes train their whole lives in hopes that they can represent their country to be the best.,71.0
A18136,We should ban the use of child actors,against,banning child actors would limit movies and tv shows. anything with children in the story would be unable to be made. television and movies for children would no longer exist either.,1,1,0,1,0,0,0,0,0,0,0,0,0,0,0,0,0,0,0,0,Should we ban the use of child actors,0.41,0.1701639080551996,banning child actors would limit movies and tv shows. anything with children in the story would be unable to be made. television and movies for children would no longer exist either.,70.0
A18192,We should legalize prostitution,in favor of,"Legalizing prostitution will allow prostitutes to push for equitable contracts and conditions, something they can't do in the status quo since their work is illegal.",0,0,0,0,0,0,1,1,1,0,0,0,0,0,0,0,1,0,0,0,Should we legalize prostitution,0.428,0.1134842571231906,"Legalizing prostitution will allow prostitutes to push for equitable contracts and conditions, something they can't do in the status quo since their work is illegal.",69.0
A18222,We should subsidize stay-at-home dads,against,"dads, just the same as all parents, do not deserve a subsidy to stay at home. its their children and they should be financially responsible for their upbringing.",0,1,0,0,0,0,1,0,0,0,0,0,0,1,1,1,0,0,0,0,Should we subsidize stay-at-home dads,0.513,0.7921286742988419,"dads, just the same as all parents, do not deserve a subsidy to stay at home. its their children and they should be financially responsible for their upbringing.",66.0
A19091,We should ban algorithmic trading,against,"trading using an algorithm is more accurate, quicker, and easier.",1,0,0,0,1,0,1,0,1,0,0,0,0,0,1,0,0,0,0,1,Should we ban algorithmic trading,0.439,0.2810592059266643,"trading using an algorithm is more accurate, quicker, and easier.",73.0
A19102,We should abolish safe spaces,against,a safe space is a great place for youth to hang out so that they are not in dangerous places.,0,1,0,0,0,0,0,0,0,1,0,0,0,0,1,0,1,0,1,0,Should we abolish safe spaces,0.624,0.4074389740400008,a safe space is a great place for youth to hang out so that they are not in dangerous places.,71.0
A19282,We should prohibit flag burning,in favor of,"the burning of the flag is highly offensive to millions of people and is very likely to incite violence against the person/s doing it, as well as disrespect those  from the military who died to defend the flag",0,0,0,0,0,0,0,0,0,1,1,1,1,0,0,0,0,0,0,0,Should we prohibit flag burning,0.656,0.6407346346133217,"the burning of the flag is highly offensive to millions of people and is very likely to incite violence against the person/s doing it, as well as disrespect those  from the military who died to defend the flag",65.0
A19294,We should abolish the three-strikes laws,in favor of,Recidivism rates are highly unlikely to go down after a third crime; it is therefore just to remove this person from society.,0,0,0,0,0,0,0,0,0,1,0,1,0,0,0,0,1,0,0,0,Should we abolish the three-strikes laws,0.408,0.4085082334093349,Recidivism rates are highly unlikely to go down after a third crime; it is therefore just to remove this person from society.,74.0
A19338,Holocaust denial should be a criminal offence,against,Criminalizing holocaust denial gives alt-right organizations a way to play the victim of the state and boost popularity and recruitment.,1,1,0,0,0,0,0,1,1,1,0,1,0,0,0,0,0,0,1,1,Should Holocaust denial be a criminal offence,0.398,0.4980102830073423,Criminalizing holocaust denial gives alt-right organizations a way to play the victim of the state and boost popularity and recruitment.,72.0
A19347,We should adopt a multi-party system,in favor of,a multi-party ensures that all people and voices are heard and represented.,0,1,0,0,0,0,0,1,0,0,0,0,0,0,0,0,1,0,0,0,Should we adopt a multi-party system,0.396,0.0581839206614625,a multi-party ensures that all people and voices are heard and represented.,67.0
A20043,We should limit executive compensation,against,limiting executive compensation would deter executives from doing their job correctly.,0,1,0,0,1,0,1,0,0,0,0,0,0,0,0,0,0,0,0,0,Should we limit executive compensation,0.405,0.3892842407397175,limiting executive compensation would deter executives from doing their job correctly.,69.0
A20072,We should adopt libertarianism,in favor of,"government today has way too much influence in our daily lives; libertarianism seeks to reduce said interference, while possibly also reducing the amount of money the government spends.",0,1,0,0,0,0,1,0,1,1,0,0,0,0,0,0,0,0,0,0,Should we adopt libertarianism,0.398,0.1873732711732227,"government today has way too much influence in our daily lives; libertarianism seeks to reduce said interference, while possibly also reducing the amount of money the government spends.",74.0
A20080,We should end racial profiling,in favor of,Racial profiling is a blatant act of discrimination.,0,0,0,0,0,0,0,0,0,0,0,0,0,0,0,0,1,0,1,0,Should we end racial profiling,0.401,0.142846377769372,Racial profiling is a blatant act of discrimination.,65.0
A20208,We should end affirmative action,against,i think we shouldn't end it because it makes sure everyone is respected.,0,0,0,0,0,0,0,0,0,0,0,0,0,0,0,0,1,0,0,0,Should we end affirmative action,0.583,0.2458978927138713,i think we shouldn't end it because it makes sure everyone is respected.,66.0
A20210,Foster care brings more harm than good,against,"Foster care provides a safe, secure environment for neglected and abused children.",0,0,0,0,0,0,0,0,1,0,0,0,0,0,1,0,0,0,0,0,Does foster care bring more harm than good,0.415,0.0840137920650377,"Foster care provides a safe, secure environment for neglected and abused children.",71.0
A20259,Payday loans should be banned,in favor of,ppayday loan providers pray on the poor and those unable to manage their money. rather than give helpful advise on how to budget and cut costs they encourage further spending with access to easy money.,0,0,0,0,0,0,1,0,1,0,0,0,0,0,0,0,1,0,0,0,Should payday loans be banned,0.404,0.6871209315571934,ppayday loan providers pray on the poor and those unable to manage their money. rather than give helpful advise on how to budget and cut costs they encourage further spending with access to easy money.,67.0
A20312,We should subsidize Wikipedia,in favor of,wikipedia is an amazing resource that just about everyone uses.  if it were to disappear many people would lose out.  subsidizing it would be beneficial to all.,0,0,0,0,1,1,0,0,0,0,0,0,0,0,1,0,1,0,0,0,Should we subsidize Wikipedia,0.409,0.0587140535366054,wikipedia is an amazing resource that just about everyone uses.  if it were to disappear many people would lose out.  subsidizing it would be beneficial to all.,70.0
A20345,We should ban private military companies,in favor of,"pmcs should be banned, as they are profiting from war and destruction. it is their interest to cause and prolong discord in the world.",0,0,0,0,0,0,0,0,0,1,0,0,0,0,0,0,1,0,0,0,Should we ban private military companies,0.408,0.80285531634838,"pmcs should be banned, as they are profiting from war and destruction. it is their interest to cause and prolong discord in the world.",69.0
A21193,We should ban naturopathy,against,"a sick person should be allowed to try anything they want, long as it's legal, that claims it will help them with their ailment.",0,1,0,0,0,0,0,0,1,0,0,0,0,0,1,0,0,0,0,0,Should we ban naturopathy,0.404,0.1002388840275592,"a sick person should be allowed to try anything they want, long as it's legal, that claims it will help them with their ailment.",66.0
A21213,We should abolish capital punishment,in favor of,"Criminals are often kept on death row for many years, suffering in anticipation of their death. This makes capital punishment more severe than just depriving the criminal of life.",0,0,0,0,0,0,0,0,1,0,0,0,0,0,1,0,1,0,0,0,Should we abolish capital punishment,0.41,0.9920467851044308,"Criminals are often kept on death row for many years, suffering in anticipation of their death. This makes capital punishment more severe than just depriving the criminal of life.",74.0
A21362,We should introduce compulsory voting,in favor of,voting is what drives our country and not voting means that the most preferred people do not get elected.,0,0,0,0,0,1,0,0,0,1,0,1,0,0,0,0,0,0,0,0,Should we introduce compulsory voting,0.411,0.4644412583367917,voting is what drives our country and not voting means that the most preferred people do not get elected.,73.0
A21447,We should ban cosmetic surgery,in favor of,"plastic surgery carries risk and when it goes wrong, the nhs have to pay to repair the damage if the patient is suffering or at risk of serious illness.",0,0,0,0,0,0,0,0,1,0,0,0,0,1,0,1,0,0,0,0,Should we ban cosmetic surgery,0.401,0.0464334668957883,"plastic surgery carries risk and when it goes wrong, the nhs have to pay to repair the damage if the patient is suffering or at risk of serious illness.",69.0
A22069,We should ban the Church of Scientology,in favor of,churches in general are just cult and should be banned.,1,0,0,0,0,0,0,0,0,0,0,0,0,0,1,0,0,0,0,1,Should we ban the Church of Scientology,0.409,0.9432657125612,churches in general are just cult and should be banned.,74.0
A22143,We should abandon marriage,against,families need to be united and children deserve committed parents.,0,0,0,0,0,0,0,0,0,0,1,0,1,0,1,0,0,0,0,0,Should we abandon marriage,0.436,0.4004440225074194,families need to be united and children deserve committed parents.,65.0
A22265,We should fight urbanization,against,cities provide more jobs for people than rural areas do.,0,0,0,0,1,0,0,0,1,0,0,0,0,0,0,0,0,0,0,0,Should we fight urbanization,0.412,0.960320854584816,cities provide more jobs for people than rural areas do.,61.0
A22274,We should subsidize space exploration,in favor of,space exploration is a good adventure. our planet is in a future risk of extinct and we should best prepare our refuge in space exploration,1,0,1,0,0,0,0,0,1,0,0,0,0,0,0,0,0,1,0,1,Should we subsidize space exploration,0.587,0.2371232246562607,space exploration is a good adventure. our planet is in a future risk of extinct and we should best prepare our refuge in space exploration,71.0
A22408,We should adopt a zero-tolerance policy in schools,in favor of,adopting a zero tolerance rule in schools is good for safety.,0,0,0,0,0,0,0,0,0,1,0,1,0,0,0,0,0,0,0,0,Should we adopt a zero-tolerance policy in schools,0.404,0.2181377676876567,adopting a zero tolerance rule in schools is good for safety.,72.0
A22410,Assisted suicide should be a criminal offence,against,easing someone's suffering should not be a criminal offence.,0,0,0,0,0,0,0,0,1,0,0,0,0,0,1,0,1,0,0,1,Should assisted suicide be a criminal offence,0.397,0.7039829762494614,easing someone's suffering should not be a criminal offence.,72.0
A22444,We should abolish the right to keep and bear arms,in favor of,"Guns are designed to kill people, we should be doing everything possible to destroy them and stop their production to save lives, allowing people to keep and bear arms does the absolute opposite of this.",0,0,0,0,0,0,0,0,0,1,0,1,0,0,0,1,1,0,0,0,Should we abolish the right to keep and bear arms,0.394,0.868761972823727,"Guns are designed to kill people, we should be doing everything possible to destroy them and stop their production to save lives, allowing people to keep and bear arms does the absolute opposite of this.",77.0
A22487,We should ban telemarketing,against,"no, it would eliminate way to many jobs.",0,0,0,0,1,0,1,0,1,0,0,0,0,0,1,0,0,0,0,0,Should we ban telemarketing,0.565,0.2710996094617592,"no, it would eliminate way to many jobs.",71.0
A23260,We should subsidize journalism,in favor of,jounalism is extremely important to the general public.,0,0,0,0,0,1,0,1,0,1,0,0,0,0,0,0,0,0,0,1,Should we subsidize journalism,0.397,0.9440147150734892,jounalism is extremely important to the general public.,73.0
A23270,Surrogacy should be banned,in favor of,"Carrying a baby is an emotionally difficult experience. There are fluctuations in hormones, as well as the potential for depression during and after a pregnancy.",0,0,0,0,0,0,0,0,1,0,1,0,0,0,0,1,0,0,0,0,Should surrogacy be banned,0.423,0.5897751099080958,"Carrying a baby is an emotionally difficult experience. There are fluctuations in hormones, as well as the potential for depression during and after a pregnancy.",77.0
A23273,We should end mandatory retirement,in favor of,Older workers have more experience and expertise than young workers.,0,0,0,0,1,0,0,0,0,0,0,0,0,0,0,0,1,0,0,0,Should we end mandatory retirement,0.399,0.594512275903634,Older workers have more experience and expertise than young workers.,69.0
A23447,We should stop the development of autonomous cars,against,"globally, over 1 million people die a year in car crashes.   to be able to have self driving safe cars that save that many lives a year would be outstanding.   robots and self driving cars are the future.",0,0,0,0,1,0,0,0,1,1,0,0,0,0,0,0,0,0,0,1,Should we stop the development of autonomous cars,0.397,0.8961697490653507,"globally, over 1 million people die a year in car crashes.   to be able to have self driving safe cars that save that many lives a year would be outstanding.   robots and self driving cars are the future.",76.0
A23468,We should adopt an austerity regime,against,juggling debt in never a good option compared to paying it off properly.,0,0,0,0,1,0,1,0,1,1,0,0,0,0,0,1,0,0,0,1,Should we adopt an austerity regime,0.431,0.777845201228871,juggling debt in never a good option compared to paying it off properly.,69.0
A24235,Blockade of the Gaza Strip should be ended,against,palestine has endangered the nation of israel and they should be punished.,0,0,0,0,0,1,0,0,0,1,0,1,0,0,0,0,1,0,0,0,Should blockade of the Gaza Strip be ended,0.42,0.9336646385804164,palestine has endangered the nation of israel and they should be punished.,67.0
A24369,We should subsidize embryonic stem cell research,in favor of,diseases can be cured using cells created for embryonic stem cell research.,0,0,0,0,0,0,0,0,1,0,0,0,0,0,1,0,0,0,0,1,Should we subsidize embryonic stem cell research,0.398,0.6356751909754271,diseases can be cured using cells created for embryonic stem cell research.,70.0
A24395,We should close Guantanamo Bay detention camp,in favor of,guantanamo bay detention camp should be closed because it is a stain on the reputation of the usa,0,0,0,0,0,0,0,1,0,0,0,0,0,0,0,0,0,0,0,0,Should we close Guantanamo Bay detention camp,0.679,0.350576514714337,guantanamo bay detention camp should be closed because it is a stain on the reputation of the usa,66.0
A24401,We should prohibit school prayer,against,Prayer can be a good way to unite a school and help children to focus on the day ahead.,0,0,0,0,1,0,0,0,1,0,1,1,0,0,0,0,0,0,0,0,Should we prohibit school prayer,0.414,0.9869047817348612,Prayer can be a good way to unite a school and help children to focus on the day ahead.,70.0
A24419,The vow of celibacy should be abandoned,against,churches that promote celibacy do so for reasons of their faith and we have no right to say they should abandon those beliefs.,0,0,0,0,0,0,0,0,0,0,1,1,0,0,0,0,0,0,1,0,Should the vow of celibacy be abandoned,0.407,0.7999503125783458,churches that promote celibacy do so for reasons of their faith and we have no right to say they should abandon those beliefs.,71.0
A25050,We should end the use of economic sanctions,against,"by using economic sanctions, we can prevent some countries from increasing their weapons thereby protect other countries.",0,0,0,0,0,0,0,0,0,1,0,0,0,0,0,0,1,0,0,0,Should we end the use of economic sanctions,0.525,0.4182919536005129,"by using economic sanctions, we can prevent some countries from increasing their weapons thereby protect other countries.",75.0
A25098,We should adopt gender-neutral language,against,"Gendered language has served us for centuries in literature and culture, there is no need to change now.",0,0,0,0,0,0,0,0,0,0,1,0,0,1,0,0,0,0,0,0,Should we adopt gender-neutral language,0.424,0.9992884598683368,"Gendered language has served us for centuries in literature and culture, there is no need to change now.",72.0
A25378,We should legalize cannabis,against,"Marijuana is part of drug culture so using it leads to other, much more dangerous drug use.",0,0,0,0,0,0,0,0,1,0,0,1,0,0,0,1,0,0,0,0,Should we legalize cannabis,0.406,0.982051819445928,"Marijuana is part of drug culture so using it leads to other, much more dangerous drug use.",75.0
A18333,We should subsidize vocational education,against,Vocational education is not as expensive as pursuing an academic degree and does not need to be subsidized.,0,0,0,0,0,0,1,0,0,0,0,0,0,0,0,1,1,0,0,0,Should we subsidize vocational education,0.396,0.2499804876081635,Vocational education is not as expensive as pursuing an academic degree and does not need to be subsidized.,71.0
A19223,We should adopt atheism,against,"Atheism is godless and fundamentally lacking in a coherent moral compass, therefore it should not be adopted.",0,0,0,0,0,0,0,1,0,1,1,0,0,0,0,1,0,0,0,0,Should we adopt atheism,0.401,0.1179796315258924,"Atheism is godless and fundamentally lacking in a coherent moral compass, therefore it should not be adopted.",70.0
A21178,We should abandon television,against,television is an important and loved form of entertainment and source of information that is endlessly creative and has much untapped potential for art and entertainment.,1,0,0,1,0,0,0,0,0,0,0,0,0,0,0,0,0,1,0,0,Should we abandon television,0.401,0.060542293522931,television is an important and loved form of entertainment and source of information that is endlessly creative and has much untapped potential for art and entertainment.,69.0
A23452,We should ban targeted killing,against,"evil has penetrated society, and there are times when there is no other way out to eradicate it than to resort to force, evil can not be overcome with discourses, it is necessary to fight fire with fire.",0,0,0,0,0,1,0,0,0,1,0,0,0,0,0,0,0,0,0,0,Should we ban targeted killing,0.435,0.3747531581140369,"evil has penetrated society, and there are times when there is no other way out to eradicate it than to resort to force, evil can not be overcome with discourses, it is necessary to fight fire with fire.",67.0
A08006,We should limit judicial activism,in favor of,a judge shouldnt be able to show their personal views.,0,0,0,0,0,0,0,0,0,0,0,1,0,0,0,1,1,0,0,1,Should we limit judicial activism,0.409,0.5830658248212784,a judge shouldnt be able to show their personal views.,72.0
A18482,Homeschooling should be banned,in favor of,Homeschooling is not regulated and nobody can be sure that the kids have learned anything.,0,0,0,0,1,1,0,0,0,0,0,1,0,0,0,1,0,0,0,0,Should homeschooling be banned,0.434,0.4293361445667429,Homeschooling is not regulated and nobody can be sure that the kids have learned anything.,70.0
A22159,We should subsidize student loans,in favor of,higher education should be a right; subsidized student loans provides all who want to learn with access to an education,0,1,0,0,1,0,0,0,1,0,0,0,0,0,0,0,1,0,0,0,Should we subsidize student loans,0.402,0.7899223897212418,higher education should be a right; subsidized student loans provides all who want to learn with access to an education,70.0
A22160,We should legalize sex selection,in favor of,families should have the right to choose the sex of their babies.,0,1,0,0,0,1,0,0,0,0,0,0,0,0,1,0,0,0,0,0,Should we legalize sex selection,0.513,0.6881312634038398,families should have the right to choose the sex of their babies.,71.0
A22232,We should oppose collectivism,against,"No one individuals life is any more intrinsically important or valuable than any other person's life, and therefore we should build societies that value the collective and general public over the individual.",0,0,0,0,0,0,0,0,1,0,0,0,0,1,1,0,0,0,0,0,Should we oppose collectivism,0.414,0.3617262661267081,"No one individuals life is any more intrinsically important or valuable than any other person's life, and therefore we should build societies that value the collective and general public over the individual.",72.0
A25103,We should ban missionary work,in favor of,"religion has caused so many conflicts across the world, if we ban missionaries, then maybe we can have a more peaceful world where people can respect each other without trying to convert each other.",0,0,0,0,0,0,0,0,0,1,0,1,0,0,0,0,1,0,0,1,Should we ban missionary work,0.434,0.6447768264912923,"religion has caused so many conflicts across the world, if we ban missionaries, then maybe we can have a more peaceful world where people can respect each other without trying to convert each other.",74.0
A25323,Homeopathy brings more harm than good,in favor of,none of the products have been tested and some actually have very harmful effects.,0,0,0,0,0,0,0,0,1,0,0,1,0,0,0,0,0,0,0,0,Does homeopathy bring more harm than good,0.432,0.1985294512611536,none of the products have been tested and some actually have very harmful effects.,74.0
C26005,We should abolish the 996 overtime system,against,"Corporate management seeks to maximize profits, and China's 996 overtime system can reduce operating costs, especially labor costs.",0,0,0,0,1,0,1,0,0,0,0,0,0,0,0,0,0,0,0,0,Should we abolish the 996 overtime system,0.432,0.9692556890621928,"Corporate management seeks to maximize profits, and China's 996 overtime system can reduce operating costs, especially labor costs.",5.0
C26010,We should give up developing electric vehicles,in favor of,"Market orientation is difficult. In the absence of subsidies, no license restrictions and other policies, whether the sales of pure electric vehicles can still grow steadily is questionable.",0,0,0,0,0,0,1,0,0,0,0,0,0,0,0,0,0,0,0,1,Should we give up developing electric vehicles,0.523,0.4919322139268697,"Market orientation is difficult. In the absence of subsidies, no license restrictions and other policies, whether the sales of pure electric vehicles can still grow steadily is questionable.",8.0
C26015,We should ban the trading of virtual currencies.,in favor of,"Cracking down on virtual currencies is not only to ensure the smooth advancement of carbon peak and carbon neutrality, but also to protect the country's financial order.",0,0,0,0,0,0,1,0,0,1,0,0,0,0,0,0,0,1,0,0,Should we ban the trading of virtual currencies,0.456,0.6805676959630178,"Cracking down on virtual currencies is not only to ensure the smooth advancement of carbon peak and carbon neutrality, but also to protect the country's financial order.",15.0
C26032,We should protect our privacy in the Internet age.,in favor of,"Extremely serious information asymmetry. It is difficult for individuals to know what information is being collected about them, who is collecting it, and what it is being used for.",0,1,0,0,0,0,0,0,1,0,0,0,0,0,0,0,0,0,0,0,Should we protect our privacy in the Internet age,0.411,0.4924484871112912,"Extremely serious information asymmetry. It is difficult for individuals to know what information is being collected about them, who is collecting it, and what it is being used for.",10.0
C26047,We should restrict minors from playing online games.,against,"Ban games for students and they will not go to play basketball, do sports or learn, but will only turn to more vulgar vulgarization more harmful forms of entertainment.",1,0,0,0,1,0,0,0,0,0,0,0,0,0,0,0,0,0,0,1,Should we restrict minors from playing online games,0.394,0.390615642600322,"Ban games for students and they will not go to play basketball, do sports or learn, but will only turn to more vulgar vulgarization more harmful forms of entertainment.",9.0
C26051,We should open up three-child policy to encourage childbirth.,against,"No matter what the social policy is, the more the society develops, the more free people are, and the more independent women are. The decline in fertility is an inevitable trend.",0,1,0,0,0,0,0,0,0,1,0,0,0,0,1,0,1,0,0,0,Should we open up three-child policy to encourage childbirth,0.563,0.9143713525314024,"No matter what the social policy is, the more the society develops, the more free people are, and the more independent women are. The decline in fertility is an inevitable trend.",8.0
C26063,We should prohibit capital monopoly.,against,"Monopolies can sometimes protect the public interest in infrastructure areas such as energy and transportation, which are vital to the livelihood of the nation.",0,0,0,0,1,0,0,0,0,1,0,0,0,0,0,1,0,0,0,0,Should we prohibit capital monopoly,0.432,0.2971408666147345,"Monopolies can sometimes protect the public interest in infrastructure areas such as energy and transportation, which are vital to the livelihood of the nation.",9.0
C26065,We should prevent the disorderly expansion of capital.,in favor of,"Capital combined with Internet technology, using asymmetric advantages such uncontrolled expansion, snatching the rice bowls of small businessmen and vendors, has constituted a violation of the basic ethics of society.",0,0,0,0,0,0,0,0,0,0,0,0,0,0,0,0,1,0,0,0,Should we prevent the disorderly expansion of capital,0.4,0.4864354420489686,"Capital combined with Internet technology, using asymmetric advantages such uncontrolled expansion, snatching the rice bowls of small businessmen and vendors, has constituted a violation of the basic ethics of society.",4.0
C26069,We should crack down on unreasonably high incomes.,in favor of,"Strengthen the regulation and adjustment of high income, protect legitimate income according to law, reasonably adjust excessive income, and encourage high-income people and enterprises to give more back to society.",0,0,0,0,1,0,0,0,0,0,0,1,0,1,1,0,0,0,0,0,Should we crack down on unreasonably high incomes,0.407,0.7872059769909627,"Strengthen the regulation and adjustment of high income, protect legitimate income according to law, reasonably adjust excessive income, and encourage high-income people and enterprises to give more back to society.",9.0
C26078,We should ease the education involution.,in favor of,A society's value of education should not remain &quot;score-only&quot; and &quot;testing-only&quot;.,1,0,0,0,1,0,0,0,0,0,0,0,0,0,0,0,1,0,0,1,Should we ease the education involution,0.405,0.8962901694615291,A society's value of education should not remain &quot;score-only&quot; and &quot;testing-only&quot;.,6.0
C26087,We should vigorously develop the countryside.,in favor of,"Unemployment and urbanization when combined are slums and instability, so the rural areas need to be allowed to absorb the unemployed.",0,0,0,0,0,0,0,0,1,1,0,0,0,0,0,0,0,0,0,1,Should we vigorously develop the countryside,0.427,0.9197319661060472,"Unemployment and urbanization when combined are slums and instability, so the rural areas need to be allowed to absorb the unemployed.",7.0
C26095,Carbon emissions trading should be limited.,against,"No one can stop global warming, which is inherently part of the Earth's geological cycle. That's why topics such as reducing CO2 emissions are a false proposition.",0,0,0,0,0,0,0,0,0,0,0,0,0,1,0,0,0,0,0,1,Should carbon emissions trading be limited,0.423,0.6299833040757364,"No one can stop global warming, which is inherently part of the Earth's geological cycle. That's why topics such as reducing CO2 emissions are a false proposition.",10.0
D27001,Human Gene editing is a good thing,in favor of,"DNA has got nothing to do with spirituality. It is made up of nitrogen, oxygen, carbon, and hydrogen - the very same elements that make up the majority atmosphere. It is just as godlike as is the air around us.",0,0,0,0,0,0,0,0,0,0,0,0,0,0,0,0,0,0,0,1,Is human Gene editing a good thing,0.514,0.7490105197089767,"DNA has got nothing to do with spirituality. It is made up of nitrogen, oxygen, carbon, and hydrogen - the very same elements that make up the majority atmosphere. It is just as godlike as is the air around us.",3.0
D27005,We can rely on Cryptocurrencies like Bitcoins,against,"Ransomware hackers demanded their payment through bitcoins, because it protects identity of the person in financial transactions.",0,0,0,0,0,0,0,0,0,1,0,0,0,0,0,1,0,0,0,0,Can we rely on Cryptocurrencies like Bitcoins,0.443,0.9999993095879168,"Ransomware hackers demanded their payment through bitcoins, because it protects identity of the person in financial transactions.",2.0
D27006,It is right to ban Cattle Slaughter,in favor of,Cow is a sacred animal for Hindus. Killing cows hurts their sentiments.,0,0,0,0,0,0,0,0,0,0,1,0,0,0,0,0,0,1,0,0,Is it right to ban Cattle Slaughter,0.458,0.9914991649602783,Cow is a sacred animal for Hindus. Killing cows hurts their sentiments.,2.0
D27008,Hindi should be the National language of India,in favor of,"Hindi is spoken by more than half of India. As no single language is spoken by entire India, it is much better to make the majoritarian language as the national language.",0,0,0,0,0,0,0,0,0,0,0,0,0,0,0,0,0,0,0,1,Should Hindi be the National language of India,0.4,0.999959134042542,"Hindi is spoken by more than half of India. As no single language is spoken by entire India, it is much better to make the majoritarian language as the national language.",3.0
D27012,India is becoming intolerant,in favor of,Incidences of mob lynchings were increased these days in the name of unofficial beef ban. And the sad thing is that culprits are left unpunished.,0,0,0,0,0,0,0,0,0,1,0,1,0,0,0,1,1,0,1,0,Is India becoming intolerant,0.405,0.9997445324661816,Incidences of mob lynchings were increased these days in the name of unofficial beef ban. And the sad thing is that culprits are left unpunished.,2.0
D27015,The Sabarimala verdict is progressive and not a threat to traditions,in favor of,Sabarimala temple is taking funds from government and hence state government has the right to make changes in law for the temple.,0,0,0,0,0,0,0,0,0,0,0,1,0,0,0,0,0,0,0,0,Is the Sabarimala verdict progressive and not a threat to traditions,0.401,0.9884406799430494,Sabarimala temple is taking funds from government and hence state government has the right to make changes in law for the temple.,3.0
D27017,News channels are breaking rules to give Breaking news,in favor of,"Reporters often try to make victims speak on the incident. Even in the cases of death, reporters rush to the incident and ask questions the victim's family, when they really need some space and time to grieve.",0,1,0,0,0,0,0,0,0,0,0,1,1,0,0,0,0,0,0,0,Are news channels breaking rules to give Breaking news,0.497,0.9999884401644464,"Reporters often try to make victims speak on the incident. Even in the cases of death, reporters rush to the incident and ask questions the victim's family, when they really need some space and time to grieve.",2.0
D27019,MBAs do not make good business leaders,in favor of,"MBA programs are the best in shaping personality and behavioural skills, which are the most essential qualities of leaders.",0,0,0,0,1,1,0,1,0,0,0,0,0,0,0,1,0,0,0,0,Do MBAs make good business leaders,0.454,0.999844500669568,"MBA programs are the best in shaping personality and behavioural skills, which are the most essential qualities of leaders.",3.0
D27021,Women are better managers than men,in favor of,"They are good time managers. As most of the women today manage work and home, they can prioritize their time well.",0,0,0,0,1,0,0,0,0,0,0,1,0,0,0,1,1,0,0,0,Are women better managers than men,0.526,0.92369582754167,"They are good time managers. As most of the women today manage work and home, they can prioritize their time well.",2.0
D27024,Beauty pageants should be banned,in favor of,"They promote cosmetic surgeries. Women these days, are ready to spend thousands of dollars on getting hair extensions, fake teeth, botox injections, body implants, spray tans, branded outfits and makeup products. This could be extremely expensive to afford and such expenses are never-ending. Cindy Jackson, a known television star. has a world record of 52 plastic surgeries done by her. Some women can even get addicted to such practices and then theirs no look back. This is the direct influence of society's importance to beauty.",0,0,0,0,0,0,0,0,0,0,0,0,0,1,0,0,0,0,0,0,Should beauty pageants be banned,0.415,0.4441488496807944,"They promote cosmetic surgeries. Women these days, are ready to spend thousands of dollars on getting hair extensions, fake teeth, botox injections, body implants, spray tans, branded outfits and makeup products. This could be extremely expensive to afford and such expenses are never-ending. Cindy Jackson, a known television star. has a world record of 52 plastic surgeries done by her. Some women can even get addicted to such practices and then theirs no look back. This is the direct influence of society's importance to beauty.",3.0
D27026,Driverless cars should be allowed in India,in favor of,"The majority of driverless cars are going to be Electric Vehicles (EV's) which will help in decreasing the pollution level in the country, which is also one of the major issues the country is facing.",0,0,0,0,0,0,0,0,0,0,0,0,0,0,0,0,0,1,0,0,Should driverless cars be allowed in India,0.518,0.7692375571226622,"The majority of driverless cars are going to be Electric Vehicles (EV's) which will help in decreasing the pollution level in the country, which is also one of the major issues the country is facing.",3.0
D27029,US-Mexico border wall is a good thing,against,"US treaties with Mexico won't let them build anything on the Rio Grande River and the areas around it. Furthermore, most of the areas along the border in Texas are privately owned which leaves a large part of the border uncovered. So, building the wall is not going to bring any change.",0,0,0,0,1,0,0,0,0,0,0,0,0,1,0,0,0,0,0,1,Is the US-Mexico border wall a good thing,0.54,0.9836241864873476,"US treaties with Mexico won't let them build anything on the Rio Grande River and the areas around it. Furthermore, most of the areas along the border in Texas are privately owned which leaves a large part of the border uncovered. So, building the wall is not going to bring any change.",3.0
D27032,India should accept Rohingya refugees,in favor of,"India has always been kind to refugees. Hence, the same spirit should be continued in the case of Rohingya community.",0,0,0,0,0,0,0,0,0,0,0,0,0,0,1,0,0,0,1,0,Should India accept Rohingya refugees,0.468,0.6878008104942543,"India has always been kind to refugees. Hence, the same spirit should be continued in the case of Rohingya community.",2.0
D27035,Marital Rape should be criminalized in India,against,"Punishing men based on mere words of wives is completely wrong, because of the presumption that women do not lie. Good and bad are not related to gender. There are women criminals too.",0,0,0,0,0,0,0,0,0,0,0,0,0,0,1,0,1,0,0,0,Should marital Rape be criminalized in India,0.425,0.99988247245145,"Punishing men based on mere words of wives is completely wrong, because of the presumption that women do not lie. Good and bad are not related to gender. There are women criminals too.",3.0
D27038,Men are silent sufferers in this modern world,in favor of,"Many false domestic violence cases are being reported in India. Girl can drag their in-laws to court, but the same is not true with a boy. In many domestic violence cases, in-laws didn't even stay with couple, but are booked for 'influencing' the boy. Do girl's parents not 'influence' her? And the saddest thing is that girl can complain against her sister-in-law and sister-in-law's husband too under domestic violence, even if they are not staying at her place. Women can be as cruel as men in harassing their life partner.",0,0,0,0,0,0,0,0,0,0,0,0,0,0,0,0,1,0,0,0,Are men silent sufferers in this modern world,0.746,0.7876459698454849,"Many false domestic violence cases are being reported in India. Girl can drag their in-laws to court, but the same is not true with a boy. In many domestic violence cases, in-laws didn't even stay with couple, but are booked for 'influencing' the boy. Do girl's parents not 'influence' her? And the saddest thing is that girl can complain against her sister-in-law and sister-in-law's husband too under domestic violence, even if they are not staying at her place. Women can be as cruel as men in harassing their life partner.",2.0
D27040,WikiLeaks is not a bane,against,Criminals may take advantage of this.,0,0,0,0,0,0,0,0,0,1,0,1,0,0,0,1,0,0,0,0,Is WikiLeaks a bane,0.393,0.991835547273884,Criminals may take advantage of this.,3.0
D27042,&quot;Bullet for Bullet&quot; is a right policy,against,"As per Gandhiji's words &quot;An Eye for an Eye leaves the whole world Blind&quot;, bullet for bullet is not a right policy.",0,0,0,0,0,0,0,0,0,1,0,1,0,0,1,0,1,0,0,1,Is Bullet for Bullet a right policy,0.578,0.6542110471972691,"As per Gandhiji's words &quot;An Eye for an Eye leaves the whole world Blind&quot;, bullet for bullet is not a right policy.",2.0
D27045,Betting and gambling should be legalized in India,against,"Gambling addiction can lead to increase in crime rates, mental illnesses.",0,0,0,0,0,0,0,0,1,1,0,0,0,0,0,0,0,0,0,0,Should betting and gambling be legalized in India,0.398,0.9999966830047916,"Gambling addiction can lead to increase in crime rates, mental illnesses.",2.0
D27047,We should ban alcohol in India,in favor of,Crimes and accidents will be reduced to some extent.,0,0,0,0,0,0,0,0,0,1,0,0,0,0,0,0,0,0,0,0,Should we ban alcohol in India,0.485,0.9871180988194074,Crimes and accidents will be reduced to some extent.,2.0
D27048,Technology is rising Unemployment rates,in favor of,"Several kinds of jobs are increasingly getting replaced by technology. As per the reports, there is a significant drop in the typists, weavers, construction workers etc.",0,0,0,0,0,0,0,0,1,0,0,0,0,0,0,0,0,0,0,0,Is technology increasing Unemployment rates,0.408,0.915442268640246,"Several kinds of jobs are increasingly getting replaced by technology. As per the reports, there is a significant drop in the typists, weavers, construction workers etc.",2.0
D27052,Chinese products should be banned in India,in favor of,"China is blocking India's bid to list Masood Azhar as a terrorist. Not just this, China is blocking India from becoming a member of Nuclear Suppliers Group (NSG) using its veto power. On one hand China wants to maintain good trade relations with India, and on the other hand, it is acting against India in many cases. So, maintaining good trade relations with China may not be a good thing. ",0,0,0,0,0,0,0,0,0,1,0,0,0,0,0,0,1,0,0,0,Should Chinese products be banned in India,0.408,0.6511720127329709,"China is blocking India's bid to list Masood Azhar as a terrorist. Not just this, China is blocking India from becoming a member of Nuclear Suppliers Group (NSG) using its veto power. On one hand China wants to maintain good trade relations with India, and on the other hand, it is acting against India in many cases. So, maintaining good trade relations with China may not be a good thing. ",3.0
D27054,Donald Trump's Presidency was a good thing,against,Racism &amp; white supremacy has increased in Trump's term.,0,0,0,0,0,0,0,0,0,0,0,0,0,0,0,0,1,0,1,0,Was Donald Trump's Presidency a good thing,0.434,0.9999758713561754,Racism &amp; white supremacy has increased in Trump's term.,2.0
D27056,Homeschooling should be encouraged in India,in favor of,Children can better explore themselves when they do not have constraints.,1,1,0,0,0,0,0,0,0,0,0,0,0,0,0,0,0,0,0,0,Should homeschooling be encouraged in India,0.697,0.6983190056844869,Children can better explore themselves when they do not have constraints.,2.0
D27058,Uniforms should be mandatory in schools,in favor of,"It reduces financial burden, because there is no need to buy many clothes.",0,0,0,0,0,0,0,0,1,0,0,0,0,0,0,0,0,0,0,0,Should uniforms be mandatory in schools,0.74,0.7154849583855751,"It reduces financial burden, because there is no need to buy many clothes.",2.0
D27059,Stray animals should be killed,in favor of,Stray dogs are often carriers of diseases because of the lack of care.,0,0,0,0,0,0,0,0,1,0,0,0,0,0,0,0,0,0,0,0,Should stray animals be killed,0.47,0.9999959387909974,Stray dogs are often carriers of diseases because of the lack of care.,2.0
D27062,Temples in India can have Gender-Specific rules,in favor of,"Some temples have their own reasons. For example, if we take Sabarimala, Lord Ayyappan is a celibate. So, the temple management opines that allowing women to this temple is against God's will.",0,1,0,0,0,0,0,0,0,0,1,1,0,0,0,0,0,0,0,0,Should temples in India have Gender-Specific rules,0.393,0.919749031603533,"Some temples have their own reasons. For example, if we take Sabarimala, Lord Ayyappan is a celibate. So, the temple management opines that allowing women to this temple is against God's will.",3.0
D27065,Experimenting on Animals is fair,against,Tests can be done on human volunteers with their consent. But animals are forced to take tests with no choice.,0,0,0,0,0,0,0,0,1,0,0,0,0,0,1,0,0,1,0,1,Is experimenting on Animals fair,0.393,0.9999942115290238,Tests can be done on human volunteers with their consent. But animals are forced to take tests with no choice.,2.0
D27066,Rapists should be tortured,in favor of,"Criminal will feel the pain of the victim, if he is subjected to the same kind of harassment. Thereby, he may not commit the crime again in his life.",0,0,0,0,0,0,0,0,0,1,0,1,0,0,0,0,1,0,0,0,Should rapists be tortured,0.403,0.9999881047266864,"Criminal will feel the pain of the victim, if he is subjected to the same kind of harassment. Thereby, he may not commit the crime again in his life.",3.0
D27069,The Internet should be censored,in favor of,Internet censorship helps in maintaining Cybersecurity.,0,1,0,0,0,0,0,0,0,1,0,0,0,0,0,0,0,0,0,0,Should the Internet be censored,0.415,0.9335810235175848,Internet censorship helps in maintaining Cybersecurity.,2.0
D27072,We should ban kids' reality shows,against,"Reality shows act like a launchpad for children into the film industry. Some of the present singers, choreographers are made into the movies through reality shows for children.",0,0,0,0,1,0,0,0,0,0,0,0,0,0,0,0,0,0,0,0,Should we ban kids' reality shows,0.659,0.4955084511859455,"Reality shows act like a launchpad for children into the film industry. Some of the present singers, choreographers are made into the movies through reality shows for children.",3.0
D27076,Censorship of movies is an outdated concept,in favor of,Censorship causes imposition of majoritarian ideals on others.,1,0,0,0,0,0,0,0,0,0,0,0,0,0,0,0,0,0,0,0,Is censorship of movies an outdated concept,0.398,0.9999211821708576,Censorship causes imposition of majoritarian ideals on others.,3.0
D27077,Military training should be made compulsory for all in India,in favor of,Compulsory military training can also make people stronger physically &amp; emotionally.,0,0,0,0,0,0,0,0,1,0,0,0,0,0,0,0,0,0,0,0,Should military training be made compulsory for all in India,0.534,0.8597515809916467,Compulsory military training can also make people stronger physically &amp; emotionally.,3.0
D27081,Aadhaar should be made mandatory in India,against,Failed biometric authentication.,0,1,0,0,0,0,0,0,0,0,0,0,0,0,0,0,0,0,0,0,Should Aadhaar be made mandatory in India,0.552,0.997798050065752,Failed biometric authentication.,2.0
D27084,Adultery should be criminalized,against,Families will be broke if one of the parent sends the other one to jail. It creates a lot of mental trauma to the children involved.,0,0,0,0,0,0,0,0,1,0,0,0,0,0,1,0,0,0,0,0,Should adultery be criminalized,0.418,0.9993668473014318,Families will be broke if one of the parent sends the other one to jail. It creates a lot of mental trauma to the children involved.,3.0
D27085,Women can be in combat roles,against,"Biologically, men are stronger than women. Hence, it may not be wise to deploy people in the field that have less physical strength than the enemy.",0,0,0,0,1,0,0,0,0,1,0,0,0,1,0,0,0,0,0,0,Should women be in combat roles,0.519,0.9904269837441816,"Biologically, men are stronger than women. Hence, it may not be wise to deploy people in the field that have less physical strength than the enemy.",2.0
D27088,Organ donation should be made compulsory,against,Not all organ transplantation surgeries are successful. The body of recipient may reject the organ of the donor.,0,0,0,0,0,0,0,0,1,0,0,0,0,0,0,0,0,0,0,1,Should organ donation be made compulsory,0.625,0.7574750442911979,Not all organ transplantation surgeries are successful. The body of recipient may reject the organ of the donor.,3.0
D27090,Reservations in India should be based on economic status,in favor of,"Caste divisions are hatred among communities is increasing due to reservations. Many communities in several states of India are fighting to give them reservations. And the consequence is people are increasingly associating with their caste. The interesting fact is that before the first caste census by British government (1881) in India, many people do not even know what their caste is. From then, the idea of caste is deeply ingrained in the Indian society. Now the reservations are making the situation even worse.",0,0,0,0,0,0,0,0,1,1,0,1,0,0,0,0,1,0,0,0,Should reservations in India be based on economic status,0.562,0.9999998773833252,"Caste divisions are hatred among communities is increasing due to reservations. Many communities in several states of India are fighting to give them reservations. And the consequence is people are increasingly associating with their caste. The interesting fact is that before the first caste census by British government (1881) in India, many people do not even know what their caste is. From then, the idea of caste is deeply ingrained in the Indian society. Now the reservations are making the situation even worse.",2.0
D27094,There should be a ban on Bandhs,in favor of,"Most of the bandhs results in violence. Some political parties and organizations intentionally causes violence by setting public properties on fire, by destroying vehicles and by injuring the common people.",0,0,0,0,0,0,0,0,0,1,0,1,0,0,0,0,0,0,0,0,Should there be a ban on Bandhs,0.432,0.7263021015398226,"Most of the bandhs results in violence. Some political parties and organizations intentionally causes violence by setting public properties on fire, by destroying vehicles and by injuring the common people.",3.0
D27097,Nepotism exists in Bollywood,in favor of,"Movie stars of Bollywood often launch their children with much ease in the industry. Such acts serve as the roots of the debate for nepotism. This kind of act has been going on since ages. Hence, nepotism evidently exists in Bollywood.",0,0,0,0,0,0,0,0,0,0,0,0,0,0,1,0,0,0,0,0,Does nepotism exist in Bollywood,0.466,0.8426579593507906,"Movie stars of Bollywood often launch their children with much ease in the industry. Such acts serve as the roots of the debate for nepotism. This kind of act has been going on since ages. Hence, nepotism evidently exists in Bollywood.",3.0
D27098,India is safe for women,in favor of,"Evil historic practices on women in the pre and post medieval period have been into oblivion. Practices like child marriages, polygamy, ban on remarriages, honor killings, Sati, Jauhar and Purdah are obsolete in today's world. With time, more such practices are being redundant and thus, increasing safety measures.",0,0,0,0,0,0,0,0,0,1,0,0,0,0,0,0,0,0,0,1,Is India safe for women,0.397,0.9837838537519228,"Evil historic practices on women in the pre and post medieval period have been into oblivion. Practices like child marriages, polygamy, ban on remarriages, honor killings, Sati, Jauhar and Purdah are obsolete in today's world. With time, more such practices are being redundant and thus, increasing safety measures.",3.0
